<environmentvariabledefinition schemaname="pfc_sharepointsite">
  <apiid>/providers/microsoft.powerapps/apis/shared_sharepointonline</apiid>
  <defaultvalue>https://gencat.sharepoint.com/sites/MPFCTest</defaultvalue>
  <displayname default="SharepointSite">
    <label description="SharepointSite" languagecode="1027" />
  </displayname>
  <introducedversion>1.0.0.0</introducedversion>
  <iscustomizable>1</iscustomizable>
  <isrequired>0</isrequired>
  <parameterkey>dataset</parameterkey>
  <secretstore>0</secretstore>
  <type>100000004</type>
</environmentvariabledefinition>